"1","0.1886593832668258","0.9898916531020756"
"2","-0.4247566495525039","0.9925141793937169"
"3","-3.61706261588585","1.016185680416751"
"4","-1.0435678950582188","1.0157884723830592"
"5","11.677683033024117","1.0021454893165298"
"6","-0.36424704585684675","0.9910300541110562"
"7","-0.5452110304669449","1.006949416206168"
"8","-2.8101830960767216","1.0056916592887581"
"9","0.8971877064207501","0.9954884429757119"
"10","0.30442066796584716","1.0067635461365354"
"11","5.65306888150528","1.0164991387158517"
"12","-36.54147063015983","0.9923668437869153"
"13","-0.46858786223903015","1.002449171975144"
"14","-5.63563862313903","1.0002433359691085"
"15","1.3618406856555076","1.0192829670484977"
"16","28.159321562591867","1.0039620690027915"
"17","-0.7163995210829823","1.0004972636485034"
"18","-0.7253433166204553","1.0266001271428242"
"19","0.5261040943728658","1.0101264726488028"
"20","-2.8381144570725843","1.0035563674855337"
"21","26.48378921702693","1.0386910077656468"
"22","-0.02340629129685373","1.0071865001108526"
"23","-1.0641911717753738","0.9870908418976777"
"24","0.09853087654373348","1.009898925585497"
"25","-0.32164629831130265","0.9959374574509323"
"26","-1.4209704116828838","0.9954300884122679"
"27","-0.6043814516169472","1.012640750993769"
"28","0.34027990571189787","1.0215128269427354"
"29","-0.6098722223216216","1.0001064071049262"
"30","-0.47722187725486176","0.9994180631214686"
"31","-1.3187011366873582","0.990707133086452"
"32","-0.9421591112440884","0.9839802488521621"
"33","-0.11140762477473462","1.0165720862027974"
"34","0.04362443482872668","0.9919300791516229"
"35","1.2529908459693573","1.0116166774425421"
"36","1.1139147720698106","0.984246566921399"
"37","0.19762428445099756","1.0126456229423046"
"38","-2.105667416237183","0.9975526058388846"
"39","4.978909502569612","0.989329427756986"
"40","0.27872179070107506","0.9942725226146427"
"41","3.291207831583463","0.9661418483619957"
"42","-1.1685619397739977","0.9870324011818078"
"43","-4.874208245424575","0.9659495557687546"
"44","-0.5665771698703257","1.0224989840906773"
"45","-3.8957605593623907","1.0135962760926642"
"46","0.6008624656405501","0.9996020280844579"
"47","0.7828600094454684","1.0040676065088272"
"48","0.6960033899759372","1.0042184911493082"
"49","-1.8655518235566009","1.0231485349468228"
"50","0.5560606067535641","1.002997449716632"
"51","0.30967388583273314","1.017359505202402"
"52","-1.2747402489365691","1.0086589509854365"
"53","0.9478438747943547","1.0135339046311342"
"54","0.621820638160908","0.9987922167351951"
"55","-0.8098378045730061","0.9934986674791505"
"56","-0.8588949374958917","0.9969198258567946"
"57","-2.634335681526899","0.9810975700337085"
"58","-1.4280118212278403","1.0006344112054641"
"59","-1.9209771801644302","1.0098255383488628"
"60","-0.25418547408094383","0.9972653999172499"
"61","4.090207941544775","0.9819090292677037"
"62","-0.9118064874354035","0.9880277250269196"
"63","-1.7971670369945991","1.0245864885319886"
"64","-2.4397801909619403","1.0027416925073316"
"65","-5.567042622675985","0.9994586804378139"
"66","-6.698436467604966","0.975402270258385"
"67","1.5622502213577156","1.025495051746877"
"68","3.754254574539649","1.0134561638022357"
"69","-0.37401484188507506","0.986847583823621"
"70","-7.616402693047354","1.0189819868011545"
"71","-1.3398646260524574","1.0107309537345632"
"72","1.1373005707566552","1.018790048500224"
"73","1.8855699788802684","0.9905943379292363"
"74","0.34608618552931386","0.9771011646113986"
"75","-0.9074574129047713","0.9822796461580875"
"76","0.1111174111317257","1.03028929895439"
"77","-6.5619224312848035","1.0063692050630533"
"78","-1.6416345137920783","1.0109867778905781"
"79","-1.9071862149911931","1.0121006361081855"
"80","0.27479191148991905","0.9931448210097724"
"81","-0.6311977981024248","0.9782008438881297"
"82","-4.671660068435398","1.0252070915350737"
"83","-1.0323952906382918","1.0071769787286398"
"84","1.4906858059236956","1.0107125145588938"
"85","-0.07515375424275815","1.0020534814679518"
"86","0.10720151113294778","1.010977258934642"
"87","1.9484583677818919","0.9951523543924661"
"88","-0.49170258233301","0.9966019622134622"
"89","-2.2395031309246396","1.008238980134506"
"90","2.609957088772132","1.0021282048450904"
"91","0.13494252677272378","0.9897515720831543"
"92","0.03834294820883949","0.9932399805069926"
"93","-2.5311579825982737","0.9784826842808796"
"94","-1.3305793216619723","1.0192441223398405"
"95","0.002647752603676013","0.9962709337651576"
"96","3.9532118676982515","1.0089418633701392"
"97","0.2425486095642916","0.9680894712073164"
"98","-0.2032862795914769","1.034391123785763"
"99","0.6145087730075869","1.013097368414088"
"100","0.007504395166923302","1.03303434833608"
"101","-0.270641655942157","1.0051669302123594"
"102","15.401640380296039","0.9942405261086086"
"103","-2.766025257205087","0.9735518368870786"
"104","-0.1235379205158921","0.9810597350774519"
"105","-2.2666268700987704","0.9851565295675457"
"106","0.36036012499607073","1.0312608815761244"
"107","7.9131144085761775","1.0005865984484312"
"108","2.6607035471433487","0.9801035697873266"
"109","-1.0863876271108277","1.0144479597960918"
"110","26.684684118149477","1.0219003597135252"
"111","0.0965298367525167","0.9810400317485889"
"112","-0.4942530678849162","1.0067496672942655"
"113","2.9049563757608703","1.0196493055351554"
"114","0.37557692150228755","1.0123941633322193"
"115","4.39221274366389","0.9975529334639288"
"116","-1.9243318603417887","1.0037672774309263"
"117","2.577182762453362","1.0025391039298792"
"118","1.0757221101376215","0.9971260524271316"
"119","-4.518181746169721","0.9782357326133184"
"120","-7.936736347839827","1.025895571267148"
"121","-0.1683460958876724","0.9882108066844086"
"122","0.36873432056736166","0.976489868066119"
"123","0.37258754324293564","0.9819325969091951"
"124","-1.6925452884942913","0.9816660198305104"
"125","1.3090280628163207","0.9966439128312377"
"126","-1.761807998622043","1.0005373048555584"
"127","-1.6022186919967314","0.9665303327942346"
"128","-0.0015567948831431977","1.0244309870017492"
"129","-0.7806213617491061","1.0169902672650621"
"130","1.81358543945354","1.00623379675786"
"131","3.8681096077721566","0.9765497743139603"
"132","0.334694917785712","1.021616557744172"
"133","0.46177728876129176","0.9929158167355663"
"134","-5.022832879352678","0.9913506997881429"
"135","-0.262130255225681","0.9741302452265442"
"136","2.1536918995037317","0.9715343045910523"
"137","-0.01839538631635494","0.993034195527557"
"138","-0.5093326600874727","1.0114982954904679"
"139","-0.24108386162353207","1.0012025726379299"
"140","-12.639533095041092","1.0182476551818667"
"141","2.877781938471802","0.9923412243041072"
"142","0.06152085113428087","1.0157604156156697"
"143","1.5575817379657453","1.0159952109769324"
"144","-0.5515037986038108","0.9947246597135265"
"145","1.0608013445401216","0.9813977241944327"
"146","-0.7604394068104183","0.9896146985126096"
"147","-1.6728870116031405","1.0011255910638335"
"148","0.7392534859921421","1.0057305235932776"
"149","-2.6269308005606202","1.020918197881978"
"150","-0.5460958209047733","1.020642899518376"
"151","-1.369472063112756","1.0232813926309112"
"152","0.9183245432025234","1.0129125045624017"
"153","-0.3214140880492093","1.0056883860252144"
"154","-0.2180411189890212","1.0109567777479371"
"155","-2.8424288566649807","1.0140246831716255"
"156","202.33748283712288","1.0113735244618227"
"157","-0.5881894111288766","0.9878176096365169"
"158","-0.8009584262178852","1.0130029129814695"
"159","1.1486222617959077","1.01566901682038"
"160","-0.8689648789207629","1.007894647599446"
"161","0.4558295669662697","0.9998937021671466"
"162","1.954165287136256","0.9863086164583729"
"163","-0.5995511776458677","1.002348005447704"
"164","-2.2918253341363366","1.0222317661116889"
"165","1.681928901274189","1.007961251039524"
"166","0.7946491388415949","1.0024505933777"
"167","1.1276713990469636","1.0050091760472237"
"168","1.3037381978249714","0.9947122285393862"
"169","-0.2589748761031531","0.9779276902761606"
"170","1.0829062637055118","1.0102119158986376"
"171","-0.04629472751434011","0.9875644028169113"
"172","-2.3066965253128107","1.0201368825528183"
"173","2.3294625125555286","1.010123393070622"
"174","-5.662997396904358","0.9961726372425579"
"175","-3.88600788873338","1.020041929053272"
"176","-0.41535685571282344","1.006323761620524"
"177","1.3252852019824002","1.007501015082404"
"178","0.2036567396775487","1.01033580730855"
"179","1.5803269472461139","1.0101185302522016"
"180","-0.2911208253112231","0.9926399237739423"
"181","-0.4358096660527947","0.996346637879668"
"182","0.07184039496112551","1.008006004253724"
"183","0.6307026782434288","1.0096602424680463"
"184","-1.7696918025674961","0.9950112769265149"
"185","1.3742178576698116","0.9965648644890094"
"186","-0.1423470719278969","0.9769920552617339"
"187","-0.01667258746462573","1.0038110976046193"
"188","9.330658495615419","0.9936749761052738"
"189","0.07641363792221526","1.0057798945602132"
"190","-0.14249541376392563","0.9960372880069853"
"191","-0.10164728972464476","1.01950260784152"
"192","0.21443589633716922","1.0067418536424448"
"193","1.36435232623319","0.9863078518694554"
"194","-2.1357840964336607","0.9849518668592013"
"195","-1.0537466387368537","0.994199335561734"
"196","-0.5193171163001987","1.0102442696472222"
"197","-0.5760217515881437","1.010840294573795"
"198","0.3065874359652965","1.0023839587406285"
"199","0.48065021107217876","1.0079321726156791"
"200","1.0922331688206464","1.0063581757586209"
"201","0.0894865217987578","1.0111675510970701"
"202","0.15097573835288985","1.0064350571275191"
"203","1.357854119025595","1.0045886569168865"
"204","2.1853392791509356","0.9902540905050258"
"205","8.76338991732891","1.0100770406276787"
"206","4.701775670002519","0.9918069420071024"
"207","0.680212597903206","0.9814798491582449"
"208","0.1382533693326391","1.0201912356952783"
"209","-1.3769315475035435","0.992878193485253"
"210","-0.75085813813643","1.0014826551815903"
"211","17.933804221266385","1.0205821728043998"
"212","-0.14175109077384582","1.0105863203188865"
"213","-0.8037535919079211","0.9792214991606948"
"214","-0.5457197431819003","1.0007246730074688"
"215","0.25469238406101885","1.0078545692900196"
"216","-0.39157457186925254","1.0058137434280563"
"217","-14.159935145435258","1.0051059300130876"
"218","-5.7866276593159975","1.0031187910039254"
"219","-1.8917573187779884","1.003667416258826"
"220","-0.3292998113600798","1.0040332896799533"
"221","-0.15357497457905714","0.9995846444583114"
"222","-1.0501321934678973","0.9834462441130327"
"223","1.2220318925967903","1.0091112745415975"
"224","0.20169247665826429","0.9933894415135132"
"225","-1.2903687920845794","0.9848433721514199"
"226","1.2776227357761423","0.9917878452714005"
"227","0.9342740243690849","0.9963194923361929"
"228","-4.93975059047006","0.9935496226583189"
"229","-0.6572977255555954","0.9770420600017553"
"230","-0.19070134179403123","0.9963116306338557"
"231","0.7850061862951336","0.9906788320755928"
"232","-0.04399226607037618","0.9634717122725696"
"233","3.3359859386019544","0.988269582187566"
"234","-0.8073984832958703","0.9881206069993183"
"235","0.6281597761799727","1.0335577725062877"
"236","-22.004378207624757","0.9806628971851541"
"237","-2.533901465200214","1.0100256755501902"
"238","-0.2053976132352257","1.0163361560286166"
"239","0.13641160108292164","0.9991721138810933"
"240","0.8200051534163144","0.9857965873515285"
"241","0.4788944341285038","0.9789094999053385"
"242","5.199814950894695","0.9939694912798636"
"243","-0.9565013618487149","1.002234549541793"
"244","7.425462309012813","0.9912406863808242"
"245","-1.8054502066325957","0.9900385648749164"
"246","-0.4780655093107212","1.0139972283779515"
"247","-0.20305452992831188","0.9944786583050628"
"248","0.020340538471295178","0.9923675427381152"
"249","-41.50583856935781","0.9860937129518379"
"250","0.11955421823393686","0.9980464227306791"
"251","-31.235300067515546","0.9947116626574682"
"252","0.049894573933642404","1.0082632096985442"
"253","-0.5418258305721011","0.9982557601552672"
"254","-0.24897461823185768","0.9994137806692306"
"255","0.6899748886753594","1.0046143885475909"
"256","-2.7731171675208395","0.9867790803799984"
"257","4.328752658019195","0.982558112660973"
"258","3.9133644703380073","0.9862920327661506"
"259","0.8139777910298909","1.0111803551763074"
"260","1.9145923915536065","0.9955313924471143"
"261","-1.0782867934574853","1.0115765510192027"
"262","0.6167131380226153","1.0051847566945131"
"263","0.3180354479841508","0.9885690956754166"
"264","4.446323043544111","0.9687294506160723"
"265","0.27090699885354724","0.9852944305261839"
"266","4.649077049086231","0.9711692919415038"
"267","-0.20923491151220863","0.9954374555107989"
"268","-0.5156626871208162","0.9812540095767391"
"269","0.7263616803121051","0.994562073559113"
"270","0.5326482456088409","0.9900715868949751"
"271","0.337651393674661","0.9936098472858134"
"272","-2.652197018766563","1.0095573158948072"
"273","3.92099040202425","0.9824767875546608"
"274","-0.833399911876119","0.9921246898987852"
"275","0.4092923192545053","1.010409438404085"
"276","0.7356364246052429","0.9960389508342508"
"277","0.8014778426043043","1.0136419300449013"
"278","0.006638312104089562","0.9985606606428099"
"279","0.0464472749672181","1.0269419086339309"
"280","0.41597501564672856","0.9780768455519336"
"281","-1.443036889765781","0.9999527823461656"
"282","0.18262535531556592","1.0074400432427093"
"283","-6.276801221885881","1.0011415583323409"
"284","-2.5381269973215885","1.0246039894266796"
"285","-1.6204704970080406","1.0084369870713772"
"286","-8.826469241603201","0.9785014514725143"
"287","2.373797842406751","0.9935780464318013"
"288","0.3963729971766965","1.0173866698112628"
"289","-0.755670038108843","1.0137091706274015"
"290","1.937339235255238","0.9794531964812524"
"291","-0.9145338710870912","1.0218319185876124"
"292","2.8805083732970282","1.0085496149265618"
"293","-1.0336163467833475","1.0124232717560921"
"294","4.204056359663685","0.9982475870077676"
"295","1.1929012406911417","0.9976846133472873"
"296","-10.792326510259239","1.0021134804925358"
"297","1.1116719542007096","0.9881960110716526"
"298","-0.35569284282011526","0.9867483954104063"
"299","-0.25532849094285925","0.9804250798382255"
"300","1.2250693104971104","1.018455330213581"
"301","-2.055392711716214","0.9842823614052808"
"302","-0.2591770077048212","0.9938692850542248"
"303","0.5752319589576367","0.9933133567654678"
"304","-3.03729218323974","1.0155647751940782"
"305","8.038926658402769","1.0098752062223662"
"306","0.45035810832669737","0.9821188791902575"
"307","-0.6656154036854713","1.00430885642924"
"308","9.218909169416756","1.021562093393869"
"309","0.5062598511751164","1.0003650890507831"
"310","-7.050394291251531","0.9823349511617601"
"311","-0.15955852025636683","0.9999502479897372"
"312","0.4009124769977435","1.0071670451565848"
"313","0.5445654186643718","1.002809985523303"
"314","-3.58207667092055","0.9947780351770816"
"315","-4.159968292608356","1.0138899909693526"
"316","0.7190791350958688","0.99478653901845"
"317","0.051877460686190806","0.9849919050063737"
"318","-1.2022723081376534","0.9806907552099315"
"319","2.0581865391555043","1.0188023832407558"
"320","0.05891411134306197","0.9908247708326677"
"321","-1.1175730535027408","0.9870197811555244"
"322","0.2637556017139769","1.0036515498245453"
"323","-0.11938385748313161","1.0037550073234232"
"324","-32.100373185821674","1.001002841761536"
"325","-1.4986239076435002","1.0048943948924405"
"326","2.1480401272039162","0.9825756314340792"
"327","4.643157708614789","1.0062924496180017"
"328","0.5989076168630654","1.035566927583135"
"329","-1.10490922543632","0.9851218362312434"
"330","4.4371499868465065","1.0094712897424656"
"331","-2.4340110531170454","0.981609076914961"
"332","-0.947442100835616","1.0001314078388086"
"333","-1.2488924443027938","1.0184730291278454"
"334","6.789593028432914","0.9832538279921171"
"335","-0.6083587900726845","1.0069495167580476"
"336","0.06955900705119669","1.0140192113878947"
"337","0.7593826339984582","0.9939357033922502"
"338","-4.740581769617126","0.9976865210291004"
"339","-0.9896164193061806","1.0172669363395184"
"340","-0.96669817167592","1.001512238458862"
"341","1.7583392917744674","0.9977914127538889"
"342","-0.3142084476917156","1.0042992432523474"
"343","0.17939285763057702","1.005848385927737"
"344","0.42991022424876385","1.0059461890430157"
"345","-0.4190390776975114","1.0026594997096654"
"346","2.1086933801346834","1.038805465131997"
"347","-0.11867547377359765","0.9903571248869817"
"348","0.45022588678865033","1.0332136450533476"
"349","-8.011482647857433","0.9807737595773219"
"350","-143.43013871528024","1.0002925882166458"
"351","-1.9789583965730955","0.9892884386478963"
"352","1.7383859991299053","1.0203273920381446"
"353","-0.02659804878593335","1.0003658323782683"
"354","-3.186673890769534","0.9810736754490157"
"355","-0.2845229955137587","1.0015141263471579"
"356","-6.259591104974738","0.9975932664289372"
"357","0.35249613241419914","1.0149594928537247"
"358","-0.27328457253273897","0.9823356092573485"
"359","-1.2275573424320048","1.002764254822774"
"360","-1.850469771233693","1.0017608057711678"
"361","8.59285641165489","0.9870308482200357"
"362","-2.4304284884650023","0.9939437984932629"
"363","0.3628115309766084","0.9932910995876827"
"364","-5.979118566012485","1.0103953196747717"
"365","1.6391513479348172","1.000114252093758"
"366","0.45127060269093544","1.015107023361869"
"367","-0.6864885766658742","0.9976431641997906"
"368","0.34212813170409434","1.0119980038856513"
"369","-6.521718219033232","1.0132448635752078"
"370","-0.9062265892499958","0.9920541870236207"
"371","-1.7365196421522908","0.9987747944901529"
"372","0.19180580328044133","1.0128963488074756"
"373","1.2700697038431965","0.9884835848099349"
"374","-0.6680698511241576","0.9993830841354635"
"375","0.07134807231861388","1.0109162818355795"
"376","0.18244516092775948","0.9897103500438187"
"377","-0.09956095478007629","0.9765262840762791"
"378","0.6724921484120474","0.9923306500036623"
"379","0.26835776952130935","0.993765084928607"
"380","-87.96252777328469","1.0005294277949883"
"381","-0.6262158148773558","0.9978448209702341"
"382","-1.2951478059577715","1.0123098420128502"
"383","-1.244703939410899","0.9745396031729124"
"384","-0.7949321918588225","1.0140708774138427"
"385","-0.9835255347775829","0.9979740530437404"
"386","-1.2017661158094637","1.0015830690414427"
"387","0.4544601298784302","0.9936659418724062"
"388","1.4433549964413284","0.9979223134766116"
"389","1.0154467057074623","1.011814286713489"
"390","1.478016627560982","0.9901395804148263"
"391","-3.544121617497895","1.0015200864008307"
"392","0.10621343773366304","1.00219938448435"
"393","0.8229662028043389","1.012302304048092"
"394","1.4476896703983935","1.0096620526937061"
"395","-1.0726691893813303","0.9942240274452441"
"396","-1.6951306088006155","1.008786015601867"
"397","0.3029548393843145","1.0199797025152428"
"398","1.0650456552938476","0.9965356118130088"
"399","-1.1819957270069257","1.0227675573434738"
"400","1.1392958467394414","1.0017403081458418"
"401","-0.2876828400381157","1.0203646685763066"
"402","-0.20806308920295394","1.009227190545675"
"403","-0.22868035181994473","1.0075694407320628"
"404","0.6164510296078619","0.9985128382264878"
"405","-2.083782290416499","1.0086536606112368"
"406","-0.8327779444649616","0.9837305230423418"
"407","-1.5928429818384915","0.9851717120936158"
"408","121.98857695814871","0.9971331643180492"
"409","0.439975308275349","0.9882808112028612"
"410","-1.4894225763559574","0.9929298207832299"
"411","1.68068896336837","0.9922942769271503"
"412","-1.8421933334171043","0.9894723485174517"
"413","0.5684352348647709","0.9947275325444289"
"414","6.528321184752604","0.9915356369971643"
"415","-0.07035207704877483","0.9971831848698512"
"416","4.071956714638454","0.997122737389916"
"417","-0.5074522872906233","1.0020990037730728"
"418","1.5213140892856072","1.005283588007973"
"419","-2.117367029636094","0.999200937611588"
"420","-64.17291057158651","1.0095144227346988"
"421","0.8322316966990877","1.0155148075237626"
"422","8.363862753902936","0.9959324209529868"
"423","-2.6075863143463494","0.9929320689221124"
"424","2.412963744876686","1.0156467972898373"
"425","11.321611335090235","0.9954248106298667"
"426","-1.0188169187856708","1.0105283133889504"
"427","0.4663925846373234","1.016187742356105"
"428","-1.0921392172524638","1.012269373343692"
"429","-0.8971191522807888","1.0061641971817596"
"430","0.730926363387447","1.0085530374917133"
"431","-8.102052869262536","1.0002305291348386"
"432","0.24856228844450196","1.0096164504884901"
"433","-0.7900315878711442","0.9949573053726924"
"434","-3.0724738894357","0.9696319706269777"
"435","-1.25196843881506","1.0084812507946705"
"436","-0.009953171022791281","1.0053054173263358"
"437","-1.435820154659336","1.007084438058726"
"438","4.449558817039427","1.0290042925309089"
"439","-15.849026165591047","1.0194429655189539"
"440","0.6935567125451502","1.0285162721710785"
"441","1.3159592004978693","0.9936268328319653"
"442","0.03958867881778597","0.9693954315068335"
"443","0.14720865403038638","1.007565917666495"
"444","-1.0083612156169872","1.0040997728854193"
"445","1.8566708921936839","0.9938667758418882"
"446","0.6061512640326877","1.0059954194338518"
"447","-0.6336235420578419","1.0192501349771514"
"448","-5.858441668442962","0.9940404719585392"
"449","-0.8432798143811845","1.029057111650931"
"450","-0.17401047276374276","0.973531202386504"
"451","-5.705333584979129","1.010688484072523"
"452","0.7502320692350987","1.0199202339933597"
"453","-0.2645503383528411","1.0020425731164184"
"454","1.5010474463877175","1.0045538591719467"
"455","5.546096868859166","1.007371982732321"
"456","1.8860052355493206","1.0050813086217338"
"457","-1.4976919238194994","1.002343438864851"
"458","0.8571735781368329","0.9940307908762084"
"459","0.3076261405344219","1.0254061184568533"
"460","-0.6616958167692462","0.9774919324504825"
"461","1.821312972007089","1.0060857156884697"
"462","-0.7397116469360163","1.0034698318242388"
"463","0.20618770094846808","1.0188701235191833"
"464","-12.716103593098135","0.9887612424003803"
"465","4.873496118338279","0.9856208166549522"
"466","0.4215278542540833","0.9620548073595766"
"467","-0.4369431169681562","0.9935924402285277"
"468","2.037886540816262","0.9935048490737696"
"469","-0.014201676769569686","0.9931700389291059"
"470","-0.7255227750995591","0.997689430047198"
"471","-0.49343462198852206","0.9834404470271122"
"472","-1.844815038426573","1.0144234094908455"
"473","0.30530837316236187","0.9996466812425435"
"474","0.7902033461660438","1.0031409786530403"
"475","-0.4194150167874846","1.0338617477635967"
"476","-1.165247240146372","0.9804072103325584"
"477","14.887331362412565","0.9907075089977011"
"478","-22.199714504390855","0.9964127630872438"
"479","0.0316325628568339","1.0242936083225282"
"480","-0.8707636250165179","1.0029955741426537"
"481","-0.37253021659209795","1.0057704109128105"
"482","0.04970863915255529","0.9931664007908453"
"483","-4.363096007735198","0.9799285323568666"
"484","0.4661230664508714","1.0373329829191564"
"485","0.43645404498328133","0.9955830413610596"
"486","0.1828305356560682","0.9853629191821345"
"487","-0.31336493502962137","0.9836186898081261"
"488","-1.3036482706977963","0.9864009595192006"
"489","0.5244347710046762","0.9969049380025891"
"490","-0.6711028428772869","0.9916028159345809"
"491","0.8257248241759761","1.0369025462758588"
"492","4.084248164228827","1.0165865945669863"
"493","-0.6587654480500146","0.9805362297379209"
"494","0.05542492391325736","0.9870603868765514"
"495","-0.18362080189175015","0.9602863133727159"
"496","0.7050239550172475","1.0060932909626537"
"497","0.9479641620088172","1.0084557152922038"
"498","-1.1067471546443786","1.002295923153536"
"499","0.09578022898767286","0.9986206817511392"
"500","1.2719403981863995","0.9893202238739209"
"501","2.0071590005813005","1.0114356151772927"
"502","-0.0738709183322859","1.0068346279220166"
"503","-1.3086138163743954","0.9845725858799521"
"504","-39.59565576229463","1.00404176718014"
"505","-3.0513669884049257","0.982239492193755"
"506","0.2038265207248723","0.9999716394511681"
"507","-0.26236720904132993","1.0247317021744886"
"508","1.39423667741089","0.9846571531957811"
"509","-0.5653005791276281","1.0012614143037062"
"510","-21.836010811161607","0.9887994501208619"
"511","-0.20266333207145026","1.0117843148079553"
"512","-1.7375488930244627","0.9861916642201591"
"513","1.4601721676576307","1.002910986162263"
"514","66.8641379133109","0.9993081743942448"
"515","0.3034040586582863","0.9808981738618585"
"516","-2.7967871604779218","0.9951307507849178"
"517","0.46637778870745683","1.0216941878830959"
"518","-65.1867913646335","0.9944607517073648"
"519","-0.36265654071693476","1.0010046369821242"
"520","-1.5789865730403543","1.0073043347356234"
"521","0.26988454650885607","0.9899543956068314"
"522","1.4111796275127824","0.9772659865963512"
"523","-1.0557844393181683","0.9822689300323293"
"524","-4.572261263456398","1.0101959447824673"
"525","-1.2378376010645966","0.9815638354321119"
"526","1.8631259795452293","1.0048372150747227"
"527","-1.4273919790819447","0.9963621724519331"
"528","-4.33452301845376","0.9843391303603782"
"529","0.6608009906385225","0.9614876026419852"
"530","0.9432194293938244","1.0145214301121843"
"531","-0.061161350027557966","1.0010159855108145"
"532","-0.9050407453692041","0.9957922958908223"
"533","0.011752265027257616","0.9899829086159989"
"534","-0.08074440139450208","0.9856062678129709"
"535","5.268923156547278","1.012185499824412"
"536","-0.4360451775929397","0.9930391555380808"
"537","139.12385290275776","1.0280698400586752"
"538","0.629095067973124","1.011299634575282"
"539","0.2072117498313515","1.0159846887829613"
"540","0.42044843727002257","0.9997757963412144"
"541","2.124540122074012","1.0036479450097429"
"542","-0.9715855331402187","0.987324958970562"
"543","0.7258596124378719","0.998523481650586"
"544","-3.1319557479078304","0.9970256058006912"
"545","-2.9036324819884047","1.0149655668639892"
"546","-2.545722234043907","1.002134860623036"
"547","0.34181727377345056","0.9846938963659636"
"548","-5.051825157669384","1.018931085139084"
"549","-3.1907088341654215","1.005198965739706"
"550","2.4568479008290103","0.9791517998338994"
"551","2.1483950206536555","0.9875673303327027"
"552","1.4043820136313454","1.0163156473952302"
"553","-0.42578366543776797","0.9969515653399734"
"554","-6.4027977644944665","0.9970717248218928"
"555","5.365577359995261","1.0147070937852998"
"556","-3.282587934727492","1.0259748277420915"
"557","1.125429622580013","0.9881229202425598"
"558","-2.8616139319970872","0.9973553116022505"
"559","-0.21333451846889748","0.9928990146839423"
"560","-2.347624326256974","0.9974501138051386"
"561","-2.888144591960488","1.0120259528780118"
"562","1.554033811161154","1.0173000511676873"
"563","-0.8720856423759965","0.9984684387100727"
"564","0.9529986793725257","0.9978840932992956"
"565","0.23500469443895833","0.9861323441229711"
"566","6.877242983061721","1.0013001724140753"
"567","-0.09021102978055988","1.015958392586684"
"568","-0.5913924919552047","1.0007355838222272"
"569","9.888218009372197","1.0101947667545952"
"570","3.3733124637328205","1.024997660121482"
"571","1.5707692304642729","0.9876499854984936"
"572","-0.2570340339739939","0.9761659601162543"
"573","-2.1633773808194054","0.9943270977207473"
"574","-0.32508831045763775","1.0183465376585232"
"575","0.06254270990218713","1.0076629451633625"
"576","0.5911217300342779","0.9814173941141386"
"577","-1.359030368911877","1.0078130508869356"
"578","-5.778206572725639","1.0016079622811267"
"579","0.45117295074987923","0.9963617380557432"
"580","0.9418547471409241","1.000494286542048"
"581","-2.3447554129181998","1.0078162194725964"
"582","-0.5572973496420343","0.9978661818909283"
"583","0.0915673912372306","0.9934244424804057"
"584","0.047893377674571594","1.0122887338261866"
"585","0.7299164481531952","0.9972220354841311"
"586","-1.8024872439941535","1.0057067485240585"
"587","0.4576551705928757","0.9907237690655728"
"588","-0.03448072945692544","0.9705520979601757"
"589","1.6265362243516677","1.0198735323377954"
"590","5.183483606717503","0.9964463467495804"
"591","1.623151039233186","1.0018674550541433"
"592","-0.043108156902046765","0.998492606672653"
"593","-1.3336766122908361","0.9883248105266201"
"594","1.4886300409325715","1.003175118828512"
"595","-0.15522938290712832","0.9911128301492572"
"596","-0.614660351551598","0.9816997421565706"
"597","-0.5601907913322434","0.9962339314290732"
"598","-39.616601820834646","0.9980329979958205"
"599","-0.7101335293499204","1.0122845218029923"
"600","-2.149450495746194","1.014635481895828"
"601","1.477238846735623","0.9948319177844592"
"602","0.4588000297879915","0.9876517798799697"
"603","0.6606747121438763","0.9936827121407223"
"604","0.49443460702288416","0.9955448914715921"
"605","-1.7025674916565716","0.9963970283356652"
"606","-0.6770523796273511","0.9797610720295662"
"607","-0.39543783269440314","1.005177319250442"
"608","-7.7716062499137255","1.0083331297582954"
"609","-0.6171811569324992","0.9894180457997536"
"610","-0.021936928331229885","0.9996604092058755"
"611","-1.3126610505090592","1.014053605726762"
"612","1.8315389288788786","0.9929064464636334"
"613","0.7765392385246102","0.998384844959965"
"614","-49.08228603319789","1.0000470783261017"
"615","-0.7351039464381374","1.0106795671923972"
"616","0.10091736351476299","0.9794172335295607"
"617","0.4466509448055214","0.9992800735113991"
"618","0.780886012904323","1.00942773041062"
"619","0.068033051759257","0.9926383089496617"
"620","-0.29669046363569257","1.0122742524442818"
"621","0.30995269674269493","1.0058352749567414"
"622","-1.905081453585313","1.0029378333916217"
"623","-0.24109321883036972","1.0081410197024827"
"624","-0.37156698703668983","1.0014531624458944"
"625","-0.41750330443054073","1.0134695415709596"
"626","0.6991573730706423","1.011077590755"
"627","0.21101022119562993","0.997282069783748"
"628","-3.6663615643114715","0.9910934375089685"
"629","-0.7761635747231298","1.005996215659883"
"630","8.697432330543906","0.9634140135485991"
"631","-3.4140772009272906","1.01894825207827"
"632","-0.023792659763529133","1.02513735788689"
"633","-1.0645222684485036","0.9888183402057562"
"634","1.7766158321084315","1.0158601175294655"
"635","-1.423374218294393","1.0007161121249348"
"636","0.21372148965508267","1.009453384887051"
"637","-1.5778728244319276","1.0143479607858237"
"638","-1.3260891972723856","0.9860768697942558"
"639","2.523378918213716","1.0154375714984116"
"640","0.9306016568402318","1.0070866409032475"
"641","-3.1395058134863096","1.012491426451973"
"642","0.17409737144096774","0.9853186555362914"
"643","1.7325922244312564","1.0288198891273768"
"644","-10.562691091165833","1.0046553204697655"
"645","-78.19064148270284","0.9825540614928177"
"646","1.4710836418849123","1.0142696472378068"
"647","0.2324957971704521","0.9732821989281654"
"648","2.447800974922987","1.0098270836610188"
"649","-1.0791102560364327","0.9894326122788759"
"650","8.646082801550412","1.0272311681342619"
"651","0.3770261664555084","0.9979488464548424"
"652","-0.0032199317019747683","0.9812290384901617"
"653","2.9254866935806114","1.0025201279435878"
"654","-0.9043769381285093","0.9943087668242211"
"655","-2.8789443207583716","1.0240553733086848"
"656","6.6579929395202555","0.995638335408496"
"657","-3.0712222107161313","1.0003586254158554"
"658","-2.4797281684539243","0.9971774141770753"
"659","0.25606554377127905","0.9904758748775971"
"660","-0.7917732704078438","0.9998138928689237"
"661","2.3050734558050885","1.003049769088325"
"662","-0.45701502334642974","0.9792105296108176"
"663","0.11866831437843002","0.9860671661219119"
"664","168.74157508859696","1.0064527815752662"
"665","0.2751432467851871","1.0096783321150244"
"666","1.5349282142821041","0.9942924521453748"
"667","-12.632390231332494","1.0056637561991912"
"668","0.07140177292482323","1.0117891784058268"
"669","-0.6961278377548321","1.026318499105758"
"670","0.5027868642494536","0.9871440538499321"
"671","-3.2762003479440365","0.992235149215016"
"672","0.6668687464110359","0.9998611842545431"
"673","-0.15552784573883816","0.9862395945764297"
"674","-0.4728299425705706","1.0110061744700798"
"675","-2.1211588086270554","0.9888151601239827"
"676","1.2147072433354567","1.0327766958005231"
"677","-0.6145829874676189","0.9921096651562491"
"678","-0.3097951634773812","1.0196685827731384"
"679","-0.6285747741553928","0.9832145666951623"
"680","4.544063693744194","1.0005180381748329"
"681","-2.193502223712217","0.9958631466140959"
"682","-0.3919275812438443","1.0116435880892347"
"683","1.0606288184639452","0.9886978102332715"
"684","-3.667973961399385","1.015545890784834"
"685","1.6662348871429686","0.9898205491720767"
"686","0.3839331841416758","1.0082773659448132"
"687","1.9463146618816494","0.9846880882567708"
"688","1.9475400125490496","1.004906611747766"
"689","-1.9306307942125418","0.9985400849568388"
"690","1.6613354302904413","0.9990250055350324"
"691","-3.7226788219544518","1.0064466842427495"
"692","0.9217165626552397","0.9998994250332315"
"693","0.00166284932256581","1.0059745560894344"
"694","-0.2895968607803676","0.9985749119129186"
"695","-1.3427886626366965","0.9891223005254304"
"696","0.8301272178970908","1.0163666865721936"
"697","-0.6852373607899243","1.007902632516904"
"698","-3.7736303418703256","1.0229676650193742"
"699","0.014678323432001433","1.033884385338404"
"700","-15.091599219588698","0.9950156232411265"
"701","-0.8045506064374349","1.0258425751837477"
"702","-0.5606575161600518","1.0084695043865153"
"703","0.5666117852743355","1.013513840685835"
"704","-0.8601697249186385","0.9888731207413073"
"705","-1.0328702171981596","0.9780178769239221"
"706","-1.3931031644585972","0.9952044977268729"
"707","-0.203093662374852","1.0122095021913655"
"708","3.305763544118403","1.01458071062382"
"709","-3.528167197414886","1.0074902641317163"
"710","1.1711086592385125","1.0056061866365604"
"711","0.26124138479586073","1.0139615619204043"
"712","1.258212834562234","1.00115083844867"
"713","-2.408271014573786","1.000409564305965"
"714","0.9880078888669599","0.9738603017430865"
"715","-5.519903269749003","0.9968926795236385"
"716","-0.07350334781761333","1.0105379815245032"
"717","3.3142749597335066","1.0025436855405614"
"718","2.0647219652997104","1.015680955588952"
"719","2.316603239963548","1.02396343504453"
"720","-0.22006365776960712","1.0042688346014481"
"721","-3.650018339230236","1.0173713847516423"
"722","13.967433170637891","0.9897483376283629"
"723","-9.107594934308445","0.9926707695353888"
"724","-2.939161033255343","0.985292767614005"
"725","2.3449426044789474","1.0084355350397811"
"726","-0.28210635457082245","0.9932514450028517"
"727","-1.1571134325481072","1.0324283471165356"
"728","1.2372895771976196","1.0008471929633254"
"729","-0.23661455565009212","0.9667539348725162"
"730","1.0453230584145805","1.0057456447454762"
"731","0.653788266301208","0.9899978053259408"
"732","-1.8229495758464782","0.9971585952842309"
"733","0.2527823455713699","0.9984025774663248"
"734","1.7440381287227789","0.9909942826432537"
"735","-0.437238289091334","1.0051694113621725"
"736","0.6141005187072347","1.0033203026828041"
"737","-0.07737264130446374","1.0004962042482477"
"738","4.581578868741425","0.9832400504381306"
"739","144.94462085893883","0.9912589576776833"
"740","2.195901120095035","1.003650729985266"
"741","-0.05019691583661419","0.985786192185804"
"742","0.7502211264976546","1.0131100581295363"
"743","0.393883033195077","0.995969601469939"
"744","0.22116131165391253","1.0079729892995617"
"745","-7.985919078138068","1.012530354206258"
"746","-0.7971601460658159","0.977668549749692"
"747","0.6509799231018945","0.9913736533737466"
"748","1.1306182158688076","0.9998793336417554"
"749","0.006595583351994101","1.015840810793335"
"750","-5.067334404468337","0.9907461606590464"
"751","0.09171466526467303","0.9867009349043544"
"752","-3.07454502414353","0.9891635786307101"
"753","39.25568121761536","0.9950695718371393"
"754","-0.09224578352621016","0.9724284754750607"
"755","-0.6817482650618264","0.9926579243669118"
"756","1.7340632300377792","1.0027896331077284"
"757","-0.5925225426837456","1.0361886459472844"
"758","-1.1865677218277342","1.0086495638222546"
"759","2.9698012827735467","1.0015108010701135"
"760","-0.7256617172308901","1.005579323848955"
"761","1.2966456525289143","0.9954738422355828"
"762","-2.102872103879827","1.0037844770628412"
"763","17.355415281248327","0.989036701295387"
"764","1.958862782660198","0.9763891896878899"
"765","-0.384419823264191","0.996770189870881"
"766","1.0216595895536844","1.0058841494462114"
"767","1.2795147456280374","0.9766837439425633"
"768","-0.9480068044537964","0.9865407640528631"
"769","-9.120977300703181","1.0183293523642647"
"770","2.3392644411808283","1.0146741236035532"
"771","-6.539584144593521","0.9779125364852147"
"772","-7.167695687341688","1.017346410880335"
"773","-0.7634376624641936","0.981193265133995"
"774","-0.14901258010108534","0.9963472751912243"
"775","0.6553929048807138","1.0253429618997931"
"776","1.1219168438685236","0.9902324503476461"
"777","-1.4685754817347685","0.9969598726624457"
"778","25.423769060371832","1.0035875482683636"
"779","-1.6862213958979622","0.9874311384235169"
"780","-0.38592907272898896","1.011535252010144"
"781","2.240273256111751","1.0042391342924524"
"782","2.7311164494663838","1.0017170606093304"
"783","-0.9521637636904592","0.9996226242879925"
"784","0.17496818362319244","0.9986300304682035"
"785","2.4525296457173806","1.0012648703442808"
"786","-0.2983179797621407","0.9692831362045146"
"787","0.9068480764494024","0.9840768527698308"
"788","0.10998476345673508","1.016190899048336"
"789","-1.1176688811120656","1.0037794128673507"
"790","2.9917547193872327","1.0142389503834601"
"791","0.7055198179111623","1.008609549058312"
"792","-1.6275229227178347","1.0194282679220563"
"793","-0.6870374000578994","1.0245991703323067"
"794","0.3951470611602292","1.0081716579686462"
"795","21.256574489657208","0.9773822342061182"
"796","-0.8633385385796014","1.0076370329643303"
"797","0.27939311216579804","0.9891065081621606"
"798","-0.19616950882172168","0.9901827441262429"
"799","0.03216972297924398","0.9789257563204358"
"800","2.2246596018413634","0.9945240484027839"
"801","-0.19667222802286277","1.01111163126689"
"802","-0.5665278230232301","1.005045824339343"
"803","1.3462519321248398","0.990737126123517"
"804","2.1422488539239044","0.9934422098427937"
"805","-0.8690463694924029","0.9770116282499377"
"806","0.507105303414905","0.9778664951072334"
"807","0.6204233782734753","0.9836520251455296"
"808","3.043041049989","0.9831301109636335"
"809","0.7217144767234278","1.0207265877579819"
"810","0.35505793982437334","0.997197011534607"
"811","0.7772574003991423","1.0001418125606523"
"812","0.8067154107572662","0.998637227173536"
"813","-0.9514918476621104","1.0210137982377447"
"814","-7.2866091175485765","0.9859835771563127"
"815","5.639807744010584","1.0171831529751048"
"816","1.3097207357908935","0.9711623679434853"
"817","2.0516471764514996","0.9929845403123774"
"818","1.2226789854521103","1.0215836902427984"
"819","1.336724884368043","1.0164906732928325"
"820","0.30461596094512294","0.9905790583710379"
"821","0.7250112485909272","1.0054580564569473"
"822","-2.3616934853443508","1.0107594847526655"
"823","1.9502203023236655","0.9875245060965967"
"824","-1.1745143958866282","1.016458892279446"
"825","-143.09004521404043","0.9915331677797798"
"826","2.616733169911663","1.028096979185121"
"827","-1.0969242581651746","1.0011104585394548"
"828","1.6642598234954082","1.0082198844211738"
"829","-1.439053903998517","0.9730688333349091"
"830","8.397747600104147","0.9882228803580472"
"831","0.9874643141605576","0.9784129287540428"
"832","-1.279464858838771","0.9926929528965137"
"833","0.32102509298729215","1.0022099176679182"
"834","-0.08357866495129593","0.9822756669237437"
"835","-4.863411084068257","1.004064488383005"
"836","-2.2809272309728192","1.0202270638767648"
"837","-1.5267746785553595","0.9687184123562916"
"838","-7.681467102315673","1.0176511215884452"
"839","-1.2710165610583375","1.007773569006668"
"840","0.1014622383544873","1.0013682403041133"
"841","-0.49042500776144704","1.0245474842118278"
"842","-2.586355204644001","0.9922095053482894"
"843","8.922878529973234","0.9977886857268473"
"844","-1.0015170931509776","0.9827708119099061"
"845","0.9138178850025978","1.024039340859549"
"846","53.46937561723217","1.0008131259709472"
"847","-0.9295908677371716","1.0109238290644769"
"848","1.8803741109887262","0.9853554199668216"
"849","-0.2903123894961641","0.9877808458147809"
"850","-0.5710783189461651","1.0213482443651545"
"851","-0.4003414291316239","0.9787904925966953"
"852","0.1357208294255578","0.9980192634976958"
"853","16.08429795679258","0.9865383975874328"
"854","-4.662572458673973","1.0099664761336025"
"855","1.1000120375443323","0.9992835588822346"
"856","-0.3750133260382375","1.008689518232085"
"857","2.333111087132924","1.0026552231145007"
"858","3.5829926364422557","0.9883210082004829"
"859","-5.94874671334362","0.9928435018568039"
"860","-1.729919094400044","0.987625541730839"
"861","-0.007550193372446058","0.9861925782746984"
"862","0.48963620165235083","0.9956436870350723"
"863","-3.091562356494844","0.9896464935154975"
"864","2.674941043648117","1.0075712734539362"
"865","-0.3998570061921796","1.006118131875066"
"866","0.9111279709397633","1.0218090663615116"
"867","0.037765643088130234","0.9878760901695277"
"868","0.4289073994420726","1.015440958437251"
"869","0.9585076524585083","1.020863453532667"
"870","1.4539400921576675","1.010627189760218"
"871","-0.04101514074714341","1.0094823059689422"
"872","0.6795402715959913","0.9794983333463338"
"873","0.41975989361607835","1.0029722802929057"
"874","-0.40961485663923947","0.9995421609669556"
"875","0.03254157082814387","1.0072474328412482"
"876","2.0193472535470294","1.0109225490476597"
"877","0.7068173508876345","0.9786624450480647"
"878","-0.009083779164961702","1.0039221389861357"
"879","0.5740830998749359","1.004786081945546"
"880","1.142972338426431","1.0057484867958775"
"881","8.413282285220163","1.010952561670215"
"882","-0.09869428647378607","1.000591625084599"
"883","-0.3034858739936041","1.0046648879324063"
"884","-1.4374998783836272","1.018326006298019"
"885","-37.83144975728097","1.003588868660125"
"886","-0.7068371041943481","1.000935382040979"
"887","-0.39220317482836825","0.9860127885769762"
"888","-2.5082689745945927","0.9635215111223104"
"889","2.386885410787788","1.0080600189979632"
"890","-0.43449500007978403","1.0037659216825812"
"891","-0.036796251818201654","1.0022001209282645"
"892","-0.6832509310854384","1.0062363487635508"
"893","1.5193918377956352","0.9979254866242195"
"894","0.3792793635884922","1.0092174817010915"
"895","1.1656357206372183","0.9939093981051453"
"896","-0.39642154356842835","1.0124367734590531"
"897","-4.668406497678927","1.0202960766608156"
"898","2.8880781383349095","0.9973540932331347"
"899","-2.0222304241541376","0.9933622831063801"
"900","-6.713881544753224","0.9860773312392395"
"901","0.9777684728291108","1.0012543811167722"
"902","-0.7835921958901334","1.0006649042923668"
"903","-0.6411570378439292","1.0154174863220193"
"904","0.06830208125273585","0.9990972755786002"
"905","24.002023514635948","1.0127469618185676"
"906","-0.706815304598624","0.9868407280285869"
"907","9.793511635763212E-4","0.9766230845319132"
"908","-0.0966724176913638","0.9977608609652965"
"909","0.471155412315331","1.0064707237737218"
"910","0.07891195079599787","1.0073356144150025"
"911","-1.201311128912551","0.9979137726450629"
"912","0.5570740528762604","1.0294288623525063"
"913","-1.4052341429293902","1.0058895982161988"
"914","-8.219236203371114","1.0331054880458166"
"915","-1.2835082044293593","1.002335537426506"
"916","-2.3271477816169597","1.0127164287972563"
"917","-0.5309656230233689","0.9949873803957943"
"918","0.06597739651441863","1.0038135751441062"
"919","-2.2469103963867214","0.9970638531434687"
"920","-1.1498683817335642","1.0085524236336256"
"921","-2.4736536391813426","1.024162105121788"
"922","-17.93092233388501","1.0114094596923424"
"923","0.7698296779996522","0.99226362193549"
"924","1.1051751932587566","1.0195615062444137"
"925","0.37301897753198365","0.9970942434544962"
"926","-0.6408626083410371","1.0005781558750233"
"927","2.6427766521672247","0.9688977684536035"
"928","0.06748445403459864","0.9912528437428555"
"929","1.185097761383436","1.0131378352476352"
"930","-1.837047953088836","1.0415680660321112"
"931","-8.324490434821753","0.9987475223365571"
"932","-4.909726247361422","0.9888570268287663"
"933","-7.982706299706313","1.0021718769824328"
"934","-3.0113257022548465","0.984918757276794"
"935","0.19613990885968716","0.9917304315820049"
"936","1.0041817699591888","1.0409283777697573"
"937","-0.32373438535140625","0.9825979381413458"
"938","-0.07693013521681612","1.00815422371387"
"939","-0.0908376625816637","1.0124534469652307"
"940","2.2827163081685495","0.9863711896968111"
"941","-2.556464903824319","1.0045114898358816"
"942","1.2639815171509967","0.9931076629966727"
"943","0.9174438690194581","1.0020098702011646"
"944","-2.5794070778919145","1.0121557352304331"
"945","-1.7065565191616312","1.00443942433773"
"946","-1.0112192089465728","0.9895479956976839"
"947","-0.6747062042705887","1.0001778720331234"
"948","2.541364861197503","0.993226238242599"
"949","0.21891767788930805","1.0102064276108091"
"950","-0.23537624051655143","0.9932402288469216"
"951","12.422858235786364","1.026549195357838"
"952","0.10910480054304451","1.01855993280382"
"953","-0.3184010379402463","0.9876107397553421"
"954","-1.9485247411426003","0.9945032736456193"
"955","-0.47272986620588614","1.0163435154664302"
"956","0.9607535066400881","1.0012986033695552"
"957","0.4480636624461547","1.0186319639728776"
"958","-0.33907711329832146","0.9951877216714463"
"959","2.050819585104794","0.997661537516847"
"960","0.12360472302244317","1.0060536025381364"
"961","-3.8210586339771253","1.0033260219730622"
"962","-0.0065587034886125965","0.9973631923143265"
"963","-1.406643461718204","1.0003937747024096"
"964","-0.43814155752371703","0.9965389629382677"
"965","1.568012055982068","0.9962935038482464"
"966","-1.1931413977806529","0.977333265935941"
"967","-0.8772089288211584","0.9992544581213488"
"968","1.1353998821823923","1.0088308596785356"
"969","0.8451865891570179","1.0013346749418446"
"970","-1.0444429381213363","0.9958872401066586"
"971","-1.4760303402480588","1.0353141522316875"
"972","-4.327830286590362","1.016847683640201"
"973","-3.312702719563385","0.9939137890003077"
"974","-1.7075245951616647","1.0270127362927466"
"975","-1.9267835578093035","0.9840694333099179"
"976","0.4581923390982656","0.9837999143899382"
"977","0.7359522068019283","1.0100759489174547"
"978","2.1909138167063382","1.0187885709780442"
"979","-10.412210734063969","1.0210856736208416"
"980","2.040574149872733","0.9840818892766514"
"981","0.20596591933501263","0.9917190761904394"
"982","-3.2725308134025783","0.9936695610772189"
"983","0.11607472112500583","0.9960848250846069"
"984","0.7668459516246636","1.0075617042037353"
"985","1.359605851561929","1.0090028281133152"
"986","-8.415224022058553","1.009982077873528"
"987","2.2196230903795118","1.0194357090538926"
"988","-0.03228927635874606","0.9804794805681679"
"989","2.7072572001719664","0.9784876728330604"
"990","0.5020086467823561","0.9989458088067101"
"991","-0.1281336318186367","0.9770752065675881"
"992","-1.6202273878329512","1.0079496315034244"
"993","0.36460586251679555","1.026150478409774"
"994","0.37600417490735166","0.9978372402737236"
"995","-0.16429475983116884","1.0063445877491939"
"996","-7.183253996971137","1.0103845373066787"
"997","-13.452931967061318","0.9951301131495428"
"998","0.9415831505414615","0.9834791121940487"
"999","-0.7731978644525861","0.9695128187058656"
"1000","-8.57540172124049","0.9868762312135436"
